Content,Video title,Video publish time,Duration,Views,Watch time (hours),Subscribers,Average view duration,Impressions,Impressions click-through rate (%)
Total,,,,12100212.0,138067.1021,7785.0,0:00:41,68113477,6.77
9rU6Jf1EpLg,I LOVE the new Jinx design #shorts #arcane #leagueoflegends,"Sep 9, 2024",31.0,1348535.0,10078.3329,604.0,0:00:26,12336850,7.46
RhvaJIXedtY,Season 2 Vi is ü•µü•µü•µü•µ #shorts  #arcane #leagueoflegends,"Sep 22, 2024",32.0,735917.0,5184.9587,709.0,0:00:25,6137555,7.01
B0MKg88uE1g,Maddie makes me üò°üò°ü§¨üò† #arcane #leagueoflegends #shorts,"Nov 27, 2024",23.0,638341.0,4549.4926,173.0,0:00:25,4046557,7.58
Mk0-nA1Vad8,The most UNDERRATED enforcer #arcane #leagueoflegends #shorts,"Nov 28, 2024",29.0,587002.0,4823.694,129.0,0:00:29,1703376,7.11
f40T4AbyJiI,Arcane's time travel explained! #arcane #leagueoflegends #shorts,"Nov 25, 2024",26.0,546862.0,5197.4977,114.0,0:00:34,176044,4.36
KXevzyaQ_cI,The Council is ASS #arctober #arcane #shorts,"Oct 7, 2024",33.0,421584.0,3999.1078,117.0,0:00:34,2529279,5.46
DWdvR-r6M40,Why I LOVE Isha's character #arcane #leagueoflegends #shorts,"Nov 20, 2024",19.0,351105.0,2134.0046,148.0,0:00:21,712049,7.85
Oc9KMRaaRqw,Ambessa's Backstory is üòçüòçüî•üî•üê∫üê∫ #arctober #arcane #shorts,"Oct 26, 2024",52.0,342051.0,3855.3477,88.0,0:00:40,498340,5.05
jOs4oknPaCc,Caitlyn and Vi in season 2 #arcane #leagueoflegends,"Sep 12, 2024",35.0,322493.0,2371.1827,210.0,0:00:26,3704278,5.71
coBg5ENMn2k,Jinx's Darkest Moment #arcane #leagueoflegends #shorts,"Dec 11, 2024",18.0,265600.0,1787.4072,77.0,0:00:24,383072,6.51
mJ_SR35X9r8,Jinx's New Sister Revealed? #shorts #arcane #leagueoflegends,"Sep 11, 2024",35.0,227105.0,1713.111,136.0,0:00:27,1808001,8.24
ntudNO3Ko9g,Cait and Vi were ALREADY together #arcane,"Feb 26, 2024",55.0,221863.0,2378.2824,91.0,0:00:38,1659063,7.13
91BRSRdhj9o,CaitVi in Season 2 üòçü•≥üò≠ü•∫üôèüôè #arcane #shorts,"Nov 14, 2024",18.0,213214.0,1288.505,77.0,0:00:22,156861,3.27
1c9DNrPNCbQ,How Blue DEFINED Zaun #arctober #arcane #shorts,"Oct 8, 2024",23.0,204684.0,1322.4454,74.0,0:00:23,470647,8.0
MxvgRyL2c-A,Powder is FANTASTIC #arcane #leagueoflegends #shorts,"Nov 26, 2024",26.0,204133.0,1540.4415,54.0,0:00:27,765966,9.59
orskhUuNG0g,"""Arcane S2 is worse"" #arcane #leagueoflegends #shorts","Nov 10, 2024",29.0,182196.0,1425.7062,74.0,0:00:28,1838751,5.82
wlE8uJY17cE,Why Jinx STILL loves Vi... #shorts #arcane #leagueoflegends,"Sep 22, 2024",32.0,178714.0,1549.2195,99.0,0:00:31,571044,6.84
kTd9MXK37Co,Arcane's BIGGEST rivalry #arctober #arcane #shorts,"Oct 9, 2024",27.0,169917.0,1302.7858,78.0,0:00:27,463642,7.29
E2AjPxeMZ1Q,The Grey explained! #arcane #leagueoflegends #shorts,"Nov 13, 2024",25.0,168095.0,1289.7346,53.0,0:00:27,496808,7.52
dUo7hK-bQuQ,Loris is a big SWEETHEART #arcane #leagueoflegends #shorts,"Nov 29, 2024",35.0,165880.0,1448.2361,46.0,0:00:31,254551,6.56
eG2rmbMfAeg,LeBlanc might ruin Arcane if... #shorts #arcane #leagueoflegends,"Sep 8, 2024",39.0,163943.0,1444.2137,45.0,0:00:31,1569157,8.26
dzhPWw5B2S0,The New Council is mostly ASS  #arcane #leagueoflegends #shorts,"Nov 30, 2024",52.0,146265.0,1899.1155,21.0,0:00:46,529114,7.23
pkL5uAGwgVY,Ambessa worries me (not anymore) #arctober #arcane #shorts,"Oct 19, 2024",28.0,142545.0,1076.4022,36.0,0:00:27,1046738,6.6
_58nuOVGbl0,Alternate Piltover explained! #arcane #leagueoflegends #shorts,"Dec 2, 2024",34.0,137572.0,1416.7281,34.0,0:00:37,261185,7.72
UYVsKZHib-Q,Mel's Powers Analyzed and Explained #arcane #leagueoflegends #shorts,"Dec 6, 2024",34.0,127423.0,1084.8511,22.0,0:00:30,213986,4.37
oaO8MYuxNec,Arcane Tattoos are SUS #arctober #arcane #shorts,"Oct 20, 2024",26.0,126831.0,986.5413,23.0,0:00:28,779263,8.34
24EYzaqPdfA,WHAT was he THINKING?? #arcane #leagueoflegends #shorts,"Dec 7, 2024",28.0,123965.0,1064.1806,17.0,0:00:30,188027,7.76
M__mcPG9ISU,Makeup in Arcane Explained! #arcane #arctober #shorts,"Oct 17, 2024",27.0,114380.0,803.6424,48.0,0:00:25,100919,5.63
dOQXQ7rPjQ4,Jinx's final design is CONTROVERSIAL #arctober #arcane #shorts,"Oct 10, 2024",38.0,112838.0,1052.7829,47.0,0:00:33,983992,8.06
jFrz3EbojDk,The Last Drop is AMAZING #arctober  #arcane #shorts,"Oct 31, 2024",25.0,110730.0,729.3863,30.0,0:00:23,114698,5.53
3u_gBfDk5jM,Sevika's hair spoils season 2 a bit #arctober #arcane #shorts,"Oct 29, 2024",31.0,109939.0,839.5024,27.0,0:00:27,1228223,5.55
Ph-kgrq43e4,VI's New Gauntlets have a big flaw #arctober #arcane #shorts,"Oct 27, 2024",27.0,109801.0,800.9792,17.0,0:00:26,422632,7.94
onEtUxLzLis,Arcane's Zaunite Savior Explained #arcane #leagueoflegends #shorts,"Nov 11, 2024",47.0,108095.0,1172.8474,51.0,0:00:39,1141776,6.51
r6OAhwKQW_M,Wild Runes explained! #arcane #leagueoflegends #shorts,"Nov 15, 2024",34.0,100321.0,960.6384,40.0,0:00:34,1113947,4.81
Ofp8_HFDRlk,Jinx's ending explained! #arcane #leagueoflegends #shorts,"Nov 24, 2024",34.0,89693.0,829.9372,40.0,0:00:33,289141,5.17
CuxpRG5CaXc,Mel's Gold Artifact Explained! #arctober #arcane #shorts,"Oct 24, 2024",32.0,89172.0,770.9702,28.0,0:00:31,561181,7.61
XveT97zk_do,Hextech Weapons are CRAZY #arctober #arcane #shorts,"Oct 18, 2024",32.0,88697.0,717.8445,22.0,0:00:29,191329,6.92
xQBPBq4IDFc,Jayce screwed up  #arcane,"Feb 23, 2024",25.0,87366.0,601.7996,32.0,0:00:24,16557,4.29
trHuHuAwIEY,Did Jayce ruin everything? #arcane #leagueoflegends #shorts,"Nov 17, 2024",29.0,86742.0,783.3352,29.0,0:00:32,648722,5.46
AcKtIfUZ99I,Timebomb is happening and it's fantastic #arcane #leagueoflegends #shorts,"Sep 29, 2024",19.0,86197.0,456.0987,34.0,0:00:19,335533,7.0
OeM-4czJVQ4,Caitlyn's Sudden Change... #arcane #leagueoflegends #shorts,"Nov 21, 2024",22.0,85971.0,545.348,32.0,0:00:22,233461,7.75
5qi1OSIX8Xw,Isha is Phenomenal (and I was wrong)  [Arcane Analysis],"Nov 17, 2024",792.0,85417.0,6713.2925,150.0,0:04:42,1018002,5.27
58xkHKY5XeA,The JINX mindset üí•üí•üíôüíúüò§üò§ #arcane #leagueoflegends #shorts,"Oct 2, 2024",23.0,85139.0,569.2895,30.0,0:00:24,92931,4.99
b4i5RcbPMnY,Arcane's Good Ending üò≠üò≠ #arcane #leagueoflegends #shorts,"Nov 18, 2024",21.0,84288.0,509.4127,21.0,0:00:21,150665,7.19
Ryvdj1Z5xso,Why does Vi join the Enforcers? #arcane #leagueoflegends #shorts,"Nov 12, 2024",34.0,79241.0,676.7726,37.0,0:00:30,158111,4.41
R4qp4cbPoFw,Jinx's New Design is Bad (On Purpose),"Oct 14, 2024",581.0,66606.0,3176.1885,137.0,0:02:51,609472,7.83
5aMFl6vULY0,The TRUE leader of Zaun #arcane #leagueoflegends #shorts,"Sep 30, 2024",25.0,65243.0,462.9648,35.0,0:00:25,449069,8.93
pSzdJYVF8MM,Why Alt. Piltover is PERFECT #arcane #leagueoflegends #shorts,"Dec 3, 2024",43.0,62772.0,693.3674,13.0,0:00:39,173112,6.45
0XJFMz9jTS4,Vi did Jinx DIRTY... #shorts  #arcane,"Feb 20, 2024",42.0,62756.0,617.4692,18.0,0:00:35,255758,10.38
UEZIdquMOT4,Where are Heimerdinger and Ekko? #arcane #shorts,"Nov 19, 2024",14.0,61183.0,307.0336,33.0,0:00:18,149290,6.24
JmX9XaRWNbw,Let's... talk about Arcane's ending,"Nov 24, 2024",555.0,57487.0,4199.2083,156.0,0:04:22,733177,5.32
RDOhk3a9Uow,Caitlyn is EVIL #arctober #arcane #shorts,"Oct 3, 2024",23.0,56188.0,390.1928,24.0,0:00:25,250843,8.29
e3x3y5SNTmw,Isha's design is surprisingly deep #arcane #leagueoflegends #shorts,"Nov 22, 2024",25.0,53964.0,352.4928,37.0,0:00:23,218205,7.18
KeDQsXGwkBo,Singed is BRILLIANT #arcane #leagueoflegends #shorts,"Dec 4, 2024",24.0,52946.0,415.2809,12.0,0:00:28,185756,5.99
if04iAMXEGU,Piltover's BIGGEST threat #shorts #arcane #leagueoflegends,"Sep 24, 2024",35.0,50306.0,425.9142,23.0,0:00:30,174022,6.51
5Tya4lTk0Ww,Vi loses her jacket #arcane,"May 9, 2024",42.0,49698.0,401.7527,21.0,0:00:29,298743,9.98
fsYkYOzWN6s,Arcane will last ONE year #arcane #leagueoflegends #shorts,"Nov 3, 2024",26.0,46707.0,300.2007,14.0,0:00:23,287916,7.32
stH3UathyPA,Jinx X Ambessa?!??!?? #shorts #arcane #leagueoflegends,"Sep 27, 2024",29.0,46253.0,325.3689,20.0,0:00:25,198261,7.59
EX8lWUbfEwk,The Arcane S2 Act 2 Trailer says a little too much (Breakdown/Analysis),"Nov 10, 2024",241.0,44505.0,1787.4553,70.0,0:02:24,675682,4.73
ejfzD8uM_Bw,Jinx Adopts a Girl and Caitlyn Kills Her  [Arcane Theory],"Sep 20, 2024",459.0,42980.0,1610.05,71.0,0:02:14,434891,7.09
vl-gQ3NTXPo,Arcane's next series announced! #arcane #leagueoflegends #shorts,"Dec 8, 2024",18.0,39784.0,218.0956,14.0,0:00:19,197122,8.46
1jQZlCrGpf8,The TRUE meaning of Hextech #arcane #leagueoflegends,"Sep 17, 2024",26.0,38297.0,269.5971,50.0,0:00:25,178262,6.62
64yyHdA2b1A,The LEGACY of Vander #arctober #arcane #shorts,"Oct 5, 2024",26.0,37888.0,267.4266,13.0,0:00:25,66191,7.15
LsZQTFtI9UU,Ekko's S2 character regression... #arctober #arcane #shorts,"Oct 12, 2024",26.0,33790.0,232.5762,19.0,0:00:24,119253,6.92
Oshu46YDR_o,"""Magic is dangerous"" - Heimerdinger  #arcane","Mar 13, 2024",49.0,33145.0,309.0011,11.0,0:00:33,289337,9.68
LFMb_GpVADQ,What Comes After Arcane?,"Sep 18, 2024",806.0,32033.0,2672.6203,75.0,0:05:00,436638,5.18
jcuF6zBkeEM,Arcane Season 2 Opening - Enemy  (LEAKED/SPOILERS),"Nov 7, 2024",72.0,31614.0,292.6614,14.0,0:00:33,219332,11.16
dxqs4PhcCUM,Why are Arcane Fans Attacking its Creator?,"Dec 2, 2024",485.0,29095.0,1409.7578,52.0,0:02:54,298891,6.93
ldx5Oc2VyuY,Heimerdinger is a MASTERPIECE #arcane #arctober #shorts,"Oct 23, 2024",30.0,27964.0,218.5068,20.0,0:00:28,133717,5.49
ZLNbWpdTg8Q,Sevika is INCOMPETANT #arcane #leagueoflegends,"Sep 13, 2024",22.0,27029.0,181.8566,12.0,0:00:24,65628,4.87
PdQAmnRfZzc,Ekko's New Power is CRAZY! #arcane #leagueoflegends,"Sep 16, 2024",32.0,26769.0,207.3446,16.0,0:00:27,137992,5.19
Bt26w35g4Q0,The END for Jinx #arcane #leagueoflegends #shorts,"Sep 28, 2024",35.0,26174.0,195.844,11.0,0:00:26,95308,5.95
0ZjzAwACZ4E,"""Vi's S2 outfit is bad"" #arctober #arcane #shorts","Oct 6, 2024",28.0,26143.0,192.6735,6.0,0:00:26,98449,8.4
NhU5zLW3I9U,Arcane Season 2 New Visual Explained #arcane,"Apr 24, 2024",36.0,25476.0,193.3413,10.0,0:00:27,101276,6.99
L2HImC2oE9M,How Arcane's New Designs SPOIL Season 2  [Arcane Season 2 Analysis],"Oct 6, 2024",873.0,25301.0,2297.6306,88.0,0:05:26,387425,4.13
jMgbNbI_O_s,Arcane S2's Original Script Leaked (EVERYTHING GOT CHANGED),"Apr 2, 2025",2281.0,25221.0,3198.4653,49.0,0:07:36,285748,5.9
j8zxJm6ROmU,The Arcane Act 3 Trailer is Making Me Crazy  [Analysis/Predictions],"Nov 18, 2024",494.0,25204.0,1657.5992,38.0,0:03:56,369783,4.74
_faD6lDNE_4,Magic will be WILD in season 2 #shorts #arcane #leagueoflegends,"Sep 25, 2024",23.0,25087.0,139.4083,14.0,0:00:20,50645,6.04
65fubdoVyd4,The Enforcers are ASS #arctober #arcane #shorts,"Oct 14, 2024",31.0,21100.0,150.4201,6.0,0:00:25,106644,9.21
c8D_HKnB_6M,The Chembarons Explained! #arctober #arcane #shorts,"Oct 25, 2024",35.0,20401.0,161.8466,9.0,0:00:28,108524,7.33
_xRcnzwQFfQ,The Firelights' BIGGEST THREAT #arctober #arcane #shorts,"Oct 21, 2024",19.0,20206.0,113.2423,10.0,0:00:20,64529,5.62
mIK4aO6Zhxw,Shimmer's SECRET ingredient #arctober #arcane #shorts,"Oct 4, 2024",19.0,19647.0,117.883,8.0,0:00:21,62029,5.84
5N4HnqGlT1A,Where's Jayca and Viktor? Arcane S2: üíÄüíÄüíÄüíÄ #arcane #leagueoflegends #shorts,"Sep 26, 2024",27.0,19417.0,124.7284,8.0,0:00:23,74291,4.44
x27PXupWSmQ,The DARK PHILOSOPHY behind Shimmer... #shorts #arcane #leagueoflegends,"Sep 19, 2024",40.0,17998.0,147.1649,27.0,0:00:29,78397,6.34
koI6GtISERw,Piltover's NEW leader #arctober #arcane #shorts,"Oct 1, 2024",25.0,15758.0,105.994,6.0,0:00:24,39158,6.78
VXfFyjMYUqI,Why Vi can die #arcane #leagueoflegends #arcanefics #riotgames,"Sep 2, 2024",21.0,14247.0,83.965,3.0,0:00:21,47737,7.8
Qy1mAkoDREo,Ambessa revives on the battlefield [Pt 2] #arcane #leagueoflegends,"Feb 26, 2025",61.0,13825.0,157.881,5.0,0:00:41,9447,4.35
1PjCwifwl1o,Arcane's Final Villain,"Nov 22, 2024",1158.0,13715.0,1402.4424,29.0,0:06:08,195288,4.91
cF8pKHXXRa0,Why Heimerdinger Will Die... #shorts  #arcane,"Apr 18, 2024",37.0,13276.0,89.8687,4.0,0:00:24,125946,8.27
UnxuzqZiKIA,This new Arcane clip redeems Heimer #arctober #arcane #shorts,"Oct 13, 2024",22.0,12440.0,73.7357,9.0,0:00:21,73138,5.94
WUb8i0tKJRs,The Arcane S2 Trailer Explains It ALL,"Sep 5, 2024",531.0,12246.0,828.4319,27.0,0:04:03,182134,4.52
wR7XG81HOsg,Arcane Season 2 Has Been Leaked (NO SPOILERS),"Aug 8, 2024",145.0,12045.0,107.693,4.0,0:00:32,78572,10.84
LK1XFtiNBk0,"The Bridge of ""Progress"" #arctober #arcane #shorts","Oct 22, 2024",22.0,10790.0,58.006,5.0,0:00:19,36048,4.76
0pwWtxSMfjU,We need to talk about Arcane's S2 marketing...,"Oct 29, 2024",392.0,10779.0,419.3209,17.0,0:02:20,98001,7.37
FkS9lGjcTQ4,Jinx will destroy Piltover #arcane,"Apr 10, 2024",38.0,9962.0,67.904,6.0,0:00:24,87086,7.91
0cIc5W3Jwlk,Huge Week for Arcane,"Jun 3, 2024",408.0,9169.0,351.8787,45.0,0:02:18,156871,4.33
7KV9vGEH3Io,Last Bit Of Arcane Info (Annecy Update),"Jun 13, 2024",424.0,8976.0,308.0841,18.0,0:02:03,73490,7.35
rClyU9lCp9M,Arcane First Look Breakdown (GW was horrible),"Sep 20, 2024",257.0,8958.0,256.7163,10.0,0:01:43,87446,7.56
8UQ31luC-BE,Why Arcane Contradicts Itself Intentionally  [Arcane Analysis],"Sep 15, 2024",1042.0,8931.0,895.2817,72.0,0:06:01,155969,3.82
Z86V8FA9slw,This Arcane Theorist is so ass ü§£ü§£ #arcane #leagueoflegends,"Sep 14, 2024",31.0,8576.0,51.6781,0.0,0:00:21,29708,5.29
z-Nlr5d5NJg,Ambessa betrays the Medardas [Pt 5] #arcane #leagueoflegends,"Mar 21, 2025",54.0,8364.0,61.1092,3.0,0:00:26,4788,5.6
xc5LL0uuwMU,Magic will DEFINE season 2 #arctober #arcane #shorts,"Oct 11, 2024",26.0,8229.0,53.4087,8.0,0:00:23,38433,5.95
9TsUTx5sV-M,"""Come Play"" Trailer Analyzed + other news #arctober","Oct 16, 2024",329.0,7852.0,383.7471,14.0,0:02:55,152109,3.66
ByvEhoNbZOc,(SPOILER CHECK DESC) New Jinx Design dropped,"Oct 9, 2024",93.0,7769.0,110.8957,12.0,0:00:51,77799,7.26
8-_Vh72aRmI,Arcane's Perfect Character,"Jun 23, 2024",3627.0,7650.0,1247.5542,61.0,0:09:47,114945,3.8
6BLkSntxva8,Zaun WILL get independence #arctober #arcane #shorts,"Oct 2, 2024",18.0,7466.0,39.8013,7.0,0:00:19,33991,6.35
IlHF48XLqq4,The EXCLUSIVE SECRETS of Arcane's Blu-ray + Review,"Nov 5, 2024",958.0,7359.0,716.2104,22.0,0:05:50,170068,2.98
XoyeD3O72PU,Rell enters Arcane [Pt. 4] #arcane #leagueoflegends,"Mar 17, 2025",51.0,6971.0,61.9193,1.0,0:00:32,7816,5.13
N5pjeohnkOE,What was Arcane Act 1 really about?,"Nov 14, 2024",1146.0,6340.0,754.0907,23.0,0:07:08,117223,3.68
hTgOSLeU8K8,Jayce is a CLOWNFEST #arcane #leagueoflegends #arcanefics #riotgames,"Aug 27, 2024",19.0,6143.0,35.0025,2.0,0:00:20,15519,3.61
ONj9V03Y9vM,Season 2 is about Unity. [No Spoilers] [Arcane Analysis],"Nov 2, 2024",776.0,5813.0,405.8591,14.0,0:04:11,99603,4.03
jsl8TAMafZg,"New Arcane ""Leaks"" are mostly fine","Oct 20, 2024",51.0,5746.0,47.9653,1.0,0:00:30,52425,6.7
zZXPk4Ugrhk,Noxus got a Cinematic,"Jan 7, 2025",345.0,5260.0,235.2748,13.0,0:02:41,100336,3.79
 -Jcj0XJpM1s,Pregnant Ambessa fights off an army [Part 1] #arcane #leagueoflegends,"Feb 22, 2025",61.0,5213.0,47.339,1.0,0:00:32,5532,4.92
pqfISbatldM,Ranking Arcane Season 2 Theories,"Jun 30, 2024",1945.0,5071.0,786.2941,30.0,0:09:18,81611,4.16
hTWjVwXa1ec,Arcane Gossip is Ridiculous [Arcane News],"Dec 13, 2024",498.0,4806.0,252.8759,25.0,0:03:09,69946,4.4
jJbsxSRqOp4,"Yes, Jinx is The Final Boss and Teams Up with Ambessa","Sep 7, 2024",605.0,4805.0,293.909,22.0,0:03:40,45552,6.75
Ml1xw5DB5wM,Mel fails the test [Pt 3] #arcane #leagueoflegends,"Mar 8, 2025",60.0,4793.0,43.894,0.0,0:00:33,6299,4.08
OR5Yf3qWaNI,Quick Lil' Trailer Follow Up,"Sep 7, 2024",90.0,4348.0,59.2305,5.0,0:00:49,34421,9.04
 -rmvJZmCm6A,WHO THE HECK IS ISHA,"Nov 8, 2024",1300.0,4195.0,140.1818,4.0,0:02:00,18150,16.19
ItlehyLaIIM,The Identity of Zaun [Arcane Analysis],"Jul 15, 2024",787.0,4182.0,322.9749,22.0,0:04:38,64103,4.41
HRNnBIW8LAE,How Jinx Reclaimed Her Smile  [Arcane Analysis],"Jan 12, 2025",3681.0,4067.0,774.3662,17.0,0:11:25,72961,3.28
cMxOvrE44gY,Who's Dying In Arcane Season 2?,"Aug 24, 2024",575.0,3869.0,223.5388,7.0,0:03:27,53395,4.83
BiSafTiG8-M,I Might've (not) Figured out Arcane's Climax [Arcane Season 2 Theory],"Sep 10, 2024",633.0,3646.0,261.1051,14.0,0:04:17,61986,4.07
LYE8H5hmigw,Arcane Fans Are Eating Good,"Jun 7, 2024",490.0,3608.0,110.362,9.0,0:01:50,36210,7.1
rZq5OhHwAK4,Ambessa's Medarda RIVAL[Pt 3] #arcane #leagueoflegends,"Mar 12, 2025",53.0,3548.0,30.8944,4.0,0:00:32,5210,5.39
2Wa3WLhjBcE,(ARCANE HYPE/COUNTDOWN) If heimerdinger dies i reveal my heimerdong,"Nov 24, 2024",13575.0,3484.0,238.7512,3.0,0:04:06,28628,6.66
rYXjYrtHKWY,Champions will die and Piltover will explode [Arcane Theory],"Sep 25, 2024",1023.0,3281.0,321.519,11.0,0:05:52,64036,3.54
tyXklSdqvMc,Arcane Won't Get A Happy Ending,"Sep 10, 2024",215.0,3230.0,98.6661,6.0,0:01:49,31961,7.01
Z1zdn2G5Yuc,Everything We Know About Arcane: Iron and Chains,"Jan 27, 2025",717.0,3090.0,202.0009,9.0,0:03:55,44964,4.45
 -NX4GawgVyU,"""The Best Arcane Schizo"" maofone reacts to S2E1","Nov 9, 2024",897.0,3047.0,168.6148,13.0,0:03:19,56582,3.79
i98e-Dn3tFg,More Arcane S2 News,"Jul 21, 2024",482.0,2919.0,115.2217,3.0,0:02:22,48406,4.35
_x2ckc0ixPY,How Jayce Lost His Soul [Arcane Analysis],"Aug 18, 2024",711.0,2678.0,156.1878,8.0,0:03:29,44285,3.87
s4sMIIqw-08,Inherited Duty and Pain  [Arcane Analysis],"Sep 28, 2024",1133.0,2554.0,248.8179,4.0,0:05:50,59696,2.88
17lztuZ06mQ,Arcane Trailer Breakdown,"Jun 11, 2024",810.0,2531.0,153.8887,4.0,0:03:38,36605,4.9
fvCTCcHui7Q,"No, A Timeskip Is Not Happening","Jun 11, 2024",245.0,2491.0,74.6149,8.0,0:01:47,27593,6.11
4oAms_dBc18,Champions Will Die in Season 2  [Arcane Season 2 Theory],"Feb 24, 2024",553.0,2470.0,147.6124,18.0,0:03:35,33020,4.94
3G3md1SU1QU,The Two Halves of Arcane  |  Arcane Analysis,"May 5, 2024",796.0,2382.0,176.0584,13.0,0:04:26,63393,2.6
KZtjpVtrisU,Arcane Geeked Week Teaser Explained [Arcane Season 2 News],"Sep 3, 2024",304.0,2382.0,78.5315,7.0,0:01:58,29724,5.3
VbrXMIWyXBs,Arcane Will End With Forgiveness,"May 18, 2024",835.0,2382.0,143.701,8.0,0:03:37,46453,3.49
51lzAe1MiBU,My Favorite Characters In Arcane,"May 26, 2024",1027.0,2321.0,100.4704,10.0,0:02:35,68467,2.33
T0wBAcrenN0,Analyzing The Arcane Tentacle [No Leaks],"Aug 14, 2024",336.0,2277.0,79.4275,7.0,0:02:05,37008,4.1
6GxiwUrPgBY,Massive week for Arcane [Season 2 News],"Sep 3, 2024",219.0,2181.0,50.1024,5.0,0:01:22,28480,5.59
2N4qaruuKPw,New Arcane Poster Dropped,"Apr 23, 2024",240.0,2143.0,40.8237,6.0,0:01:08,40422,3.89
bYKQalQh3Sk,Another W (S2 Trailer Reaction),"Jun 11, 2024",1334.0,2082.0,176.1668,8.0,0:05:04,30612,4.71
RCCBRClGHDU,(Arcane S2 discussion) I won the battle but I lost the war,"Nov 24, 2024",4636.0,2021.0,281.6922,1.0,0:08:21,32753,4.3
4GNob1hDecc,Vi vs Jayce #shorts #arcane,"Feb 13, 2024",44.0,2012.0,17.2758,0.0,0:00:31,18587,5.78
puT8UyC0Jy8,ARCANE SEASON 2 IS FINALLY HERE,"Nov 9, 2024",3351.0,1921.0,78.9569,4.0,0:02:28,17103,7.62
rZR8VeguSS8,[NO LAG/ISSUES] Arcane Season 2 Hype/Watchalong with my new PC!!,"Nov 16, 2024",12520.0,1888.0,184.9625,5.0,0:05:53,16639,6.77
yCIFH0PCCjE,Arcane's final villain discussion,"Nov 20, 2024",6096.0,1815.0,249.9569,0.0,0:08:15,32388,3.65
jQV6L3p9uks,Heimerdinger Will Die in Season 2  [Arcane Season 2 Theory],"Apr 13, 2024",507.0,1735.0,54.061,5.0,0:01:52,37431,3.16
Ux270nJim8Q,Arcane: Every Mylo is Rumble Foreshadowing,"Apr 1, 2024",260.0,1604.0,45.1498,4.0,0:01:41,13885,7.89
srjo4Tdovtg,Arcane Season 2 Trailer Reaction,"Sep 5, 2024",996.0,1596.0,84.8316,5.0,0:03:11,29353,3.86
xYqaOO15JNw,Sevika vs Vander #shorts #arcane,"Feb 14, 2024",44.0,1567.0,11.3902,0.0,0:00:26,21129,3.6
s36qSjHLTdE,Gayest Characters In Arcane,"Jun 8, 2024",496.0,1525.0,68.4033,9.0,0:02:41,29000,3.68
GcUvoND2cwo,Why Dark Vi Kills Warwick  [Arcane Season 2 Theory],"Jul 7, 2024",520.0,1517.0,72.7127,5.0,0:02:52,10052,5.27
snnpdQ3skDc,Why Caitlyn Turns Evil  [Arcane Theory],"May 12, 2024",407.0,1506.0,62.0658,4.0,0:02:28,30220,3.06
xMArbx-0jKc,[Spoilers] Lets reflect about Act 1,"Nov 10, 2024",4922.0,1478.0,150.3521,3.0,0:06:06,17029,5.73
AQ89VYyj_7E,Why Vi Goes Back To Prison [No Spoilers/Leaks] [Arcane Season 2 Theory],"Aug 11, 2024",462.0,1470.0,52.2282,0.0,0:02:07,23218,3.92
3FqasKWBYNU,Viktor's Balls Scientific Research Stream,"Nov 10, 2024",10796.0,1460.0,153.6777,1.0,0:06:18,17232,5.75
Wpli77S8P4A,Ranking all my Arcane Theories! [1 Yr Anniversary],"Jan 20, 2025",995.0,1406.0,127.5434,1.0,0:05:26,39609,2.52
U4guvL179B0,The Hexcore Will Consume Viktor  [Arcane Season 2 Theory],"Mar 6, 2024",1056.0,1329.0,123.5761,9.0,0:05:34,22428,3.4
JFjR1PLqPJU,Yeah I know lets talk about what happened,"Nov 17, 2024",3994.0,1233.0,145.695,2.0,0:07:05,16666,4.78
dMv6F2Moox4,CHANGE is Coming to Our Characters...  |  Arcane Discussion,"Apr 20, 2024",657.0,1211.0,70.3535,1.0,0:03:29,31231,2.82
GfsKIzkbgGA,[COPING] Arcane refugee stream,"Nov 25, 2024",6192.0,1208.0,102.6545,-3.0,0:05:05,16164,4.36
MObrMjBmP9Y,Hottest Characters in Arcane,"Jul 10, 2024",457.0,1196.0,52.7574,4.0,0:02:38,13972,4.77
P4vbq1J9_NQ,Caitlyn Will Kill Next Season,"May 15, 2024",48.0,1179.0,8.7497,2.0,0:00:26,5375,1.79
ki_REGAH0Bc,(OPEN FORUM) Does Season 2 have bad pacing?,"Nov 12, 2024",5598.0,1126.0,109.0213,3.0,0:05:58,14080,4.47
YOnYzz0m_64,NEW ARCANE TRAILER GET IN HERE,,1725.0,1092.0,88.6236,2.0,0:04:52,10097,7.11
nzB4oBVgFnI,ARCANE FIRST LOOK GEEKED WEEK WATCHALONG,"Sep 20, 2024",6869.0,1089.0,68.1172,2.0,0:03:49,11932,5.54
NaT9ShkKqp4,Best Scenes In Arcane,"Aug 30, 2024",881.0,1073.0,70.3456,3.0,0:03:56,19434,3.41
JgEMzfxMMxE,The Ambessa Novel Changes Everything‚Ä¶  [BOOK REVIEW],"Apr 13, 2025",1912.0,1056.0,98.8632,1.0,0:05:37,15611,4.49
E5VrvPUpd6w,OMG NEW ARCANE TRAILER LETS WATCHALONG,"Sep 5, 2024",3358.0,1031.0,67.1819,2.0,0:03:54,13084,5.18
znz9uyCPh-o,War is Coming to Piltover,"Mar 23, 2024",1364.0,1030.0,100.4976,2.0,0:05:51,27821,2.51
4WHzeb0pgls,Is Arcane Ending?,"Jun 12, 2024",193.0,1019.0,24.0986,2.0,0:01:25,21211,3.33
zOJTCpj7k_k,UHMM. NEW CAITVI PRISON LEAKS REACTION,"Jan 6, 2025",1086.0,983.0,43.2498,-3.0,0:02:38,6763,7.22
mOOlsZK_6NI,Arcane Geeked Week Soon! + S2 news,"Sep 14, 2024",85.0,961.0,12.0665,1.0,0:00:45,23973,2.72
byMr9rPkvoo,Is Ekko wrong for doing this? #arcane #leagueoflegends #shorts,"Dec 5, 2024",25.0,867.0,5.6214,1.0,0:00:23,3739,7.76
YDueXUC3VjI,Heimerdinger makes me angry,"May 22, 2024",60.0,863.0,7.4461,3.0,0:00:31,5883,2.48
4PTFjyC_iFA,Why Sevika Will Lead Zaun With Jinx  [Arcane Season 2 Theory],"Mar 17, 2024",368.0,828.0,32.608,5.0,0:02:21,20893,2.79
2i4unu0Tuuo,Heimerdinger makes NO SENSE #leagueoflegends #arcane,"Jan 22, 2024",49.0,779.0,5.6297,2.0,0:00:26,5283,7.14
Ap0drNmBtCs,Going over Arcane leaks in the Reddit AMA,"Jan 28, 2024",2071.0,767.0,96.195,6.0,0:07:31,9869,4.59
QAFg9oy0eNM,"More Arcane Content: Afterglow, Jinx Fixes Everything, Music Tier list, Cooking my dinner","Nov 27, 2024",6270.0,757.0,55.9802,-1.0,0:04:26,13852,2.95
hUnrIdSOhCk,What's Heimerdinger And Ekko After?  [Arcane Season 2 Theory],"Jul 28, 2024",379.0,748.0,34.8403,3.0,0:02:47,21140,2.25
ckqPWlYYi68,Prep Stream,"Nov 9, 2024",2837.0,635.0,26.2338,1.0,0:02:28,6444,6.42
lb-JQ9a73T4,Ekko vs Jinx Analyzed,"Apr 27, 2024",498.0,619.0,31.0456,1.0,0:03:00,26042,1.56
iJObA50ByFU,How Time Changes Arcane Characters [Arcane Analysis],"Aug 4, 2024",519.0,595.0,32.5495,3.0,0:03:16,16700,2.34
JXl5ZTxZU_c,definitely not raging at heimerdinger,"Oct 25, 2024",2171.0,587.0,32.815,0.0,0:03:31,8146,4.24
bHk8iZrZQNQ,Heimerdinger WHY! #leagueoflegends #arcane,"Jan 23, 2024",54.0,573.0,4.591,1.0,0:00:28,3117,2.44
siJ32KbLtRU,PLOT ARMOR in Arcane... (S1 Spoilers) #leagueoflegends #arcane,"Jan 24, 2024",46.0,568.0,4.7195,1.0,0:00:30,5394,2.84
tmaRkQhB0iY,Why Jinx tames Warwick  [Arcane Season 2 Theory],"Mar 2, 2024",401.0,567.0,30.2614,3.0,0:03:12,9034,4.14
DmAt0MNGw-M,(REACTION) So this new LoL Cinematic might have Arcane Cameos...,"Jan 7, 2025",1076.0,551.0,32.7282,0.0,0:03:33,15151,2.59
to63UsJBRcg,DONE WITH FINALS!! Ranking Arcane Songs,"Dec 22, 2024",4555.0,523.0,134.0397,-1.0,0:15:26,12557,2.82
LNyMV56afu8,Top 10 Strongest Characters in Arcane,"Feb 11, 2024",1130.0,506.0,34.3087,5.0,0:04:04,4930,5.4
QEo8ZQDiUvs,(Old Version) Why Piltover Will Get Blown Up  [Arcane Season 2 Theory],"Apr 6, 2024",819.0,501.0,31.9087,0.0,0:03:49,13326,2.4
gA8WXp12nsw,ARCANE SEASON 2 IS FINALLY HERE,"Nov 9, 2024",661.0,501.0,8.647,0.0,0:01:02,4369,8.33
Z_nlyYmIPDE,Studying the Arcane Artbook instead of my midterms,"Mar 2, 2025",4636.0,481.0,89.6802,-1.0,0:11:11,12640,2.63
DcbRpBSrk_k,blood sweat and tears dropped,"Oct 27, 2024",1310.0,475.0,28.8718,-1.0,0:03:38,7763,4.3
qRWkrVMorVc,Arcane has been leaked again...,"Oct 20, 2024",70.0,471.0,4.6473,1.0,0:00:35,845,21.18
41uxyi1BJko,Piltover Explained,"Mar 9, 2024",837.0,470.0,41.7459,1.0,0:05:19,11049,3.01
TvX4Z96l1cI,pizza dough done lets play wild rift,"Oct 20, 2024",3615.0,468.0,38.102,2.0,0:04:53,8310,3.86
OikLEXWbd_E,[UNHINGED] Discussing the Top 100 Hottest Women in Arcane,"Feb 16, 2025",6009.0,461.0,140.2736,-4.0,0:18:15,11128,3.0
kcsrmWeVpLw,Arcane Season 1 Recap & Summary,"Sep 5, 2024",2233.0,459.0,57.1285,1.0,0:07:28,11655,2.22
pDP_CCU6BV4,Whoever Controls Hextech Controls Piltover,"Jun 1, 2024",1100.0,454.0,47.7296,5.0,0:06:18,10553,2.64
kMfRN6m-Jsc,AND PROFESSOR HEIMERDINGER TAKES OVER THE STREAM!,"Oct 31, 2024",2944.0,415.0,28.3093,0.0,0:04:15,6577,3.59
8i8O4kMsd4A,DONT WATCH THIS VOD GAME AWARDS WASTED MY TIME,"Dec 13, 2024",1248.0,402.0,23.2873,0.0,0:03:28,6813,3.14
axQrnmB63Q4,Can I stream with 1 FPS? (Answer is no),"Nov 15, 2024",1920.0,376.0,20.973,1.0,0:03:20,9188,2.22
ZazrfOXNqFM,CaitVi was destined for ü•µü•µ #arcane #leagueoflegends #shorts,"Dec 1, 2024",30.0,362.0,2.7652,1.0,0:00:27,670,18.36
gVeSk_7dCxs,test stream,"Nov 23, 2024",2775.0,344.0,18.9126,2.0,0:03:18,9482,1.67
cgKCtjDsn_E,blood sweat and tears dropped,"Oct 26, 2024",1005.0,340.0,14.638,1.0,0:02:34,5322,4.1
8MdZzQHKUR8,(OLD VERSION) Viktor Will Die in Season 2,"Jan 21, 2024",1216.0,326.0,24.5941,1.0,0:04:31,3489,5.82
Uo0t1NFNk7A,Pizza dough mixing stream,"Oct 19, 2024",964.0,299.0,7.8816,0.0,0:01:34,4631,3.65
U4UBPeMIDkc,Arcane Introductions Spoil Season 2   [Arcane Season 2 Theory],"Feb 19, 2024",697.0,298.0,21.9056,0.0,0:04:24,7274,2.71
hpVCNYBFuro,IF THERES A FINAL TRAILER IM GOING LIVE,,898.0,278.0,8.5495,1.0,0:01:50,1793,7.7
wBCkyeX6fC4,LAST HEIMER x EKKO REVEAL IN WILD RIFT,"Oct 30, 2024",191.0,264.0,2.5184,1.0,0:00:34,6352,2.39
jYoR4zYHM68,Internet exploded lets finish mixing my dough while wild rift downloads,"Oct 20, 2024",1142.0,250.0,8.9136,1.0,0:02:08,3813,4.09
aP1BDh-x4Cc,NO ONE TOLD ME ABOUT THIS,"Apr 10, 2025",566.0,237.0,8.9639,1.0,0:02:16,2432,6.0
_W3FGb3pJsM,What's the Point of the Enforcers?  |  Arcane Analysis,"Mar 30, 2024",323.0,199.0,7.497,0.0,0:02:15,4537,2.25
1g5CFn_FurQ,Binging/Finishing 20th Rewatch (Act 2 and 3),"Jun 15, 2024",12713.0,181.0,42.6692,1.0,0:14:08,4977,2.29
n4XKQcGWF98,(TEST STREAM) Rewatching Arcane for the 20th time to take notes,"Jun 13, 2024",1855.0,174.0,8.1425,1.0,0:02:48,2857,3.85
vWNYi3qWcHc,TIMEBOMB MUSIC VIDEO,"Mar 20, 2025",845.0,170.0,3.3233,0.0,0:01:10,543,20.99
S5GhHG6c77Q,Omg more stuff lets watch sucker,,1156.0,155.0,3.6829,0.0,0:01:25,934,8.03
HRBudApFS-g,Finish ep 9 and viewer requests,"Jun 16, 2024",5613.0,151.0,30.6666,1.0,0:12:11,2549,3.65
_o35qptGLXE,Rewatching Arcane (Ep 2 and 3),"Jun 15, 2024",6150.0,132.0,12.8076,0.0,0:05:49,2434,3.94
BAFrBDNpmo0,Ok watching Sucker for real,"Nov 8, 2024",580.0,112.0,2.3921,1.0,0:01:16,689,8.71
Z_uEV0hDf68,Working on stream elements and chatting idk man,"Jun 27, 2024",6660.0,111.0,23.3967,0.0,0:13:06,4281,1.71
SzyOgvDKnM0,Playing LoL: Swarm,"Jul 22, 2024",4753.0,108.0,11.4821,1.0,0:06:22,7443,0.85
itc_yYjfmq8,(Test stream) fuck my life watchiung arcane again 20th time,"Jun 14, 2024",2996.0,93.0,6.4888,0.0,0:04:11,864,6.48
EGxmx1z00J0,Ambessa Champion Trailer First Reaction cuz im at school rn,,625.0,83.0,2.8216,1.0,0:02:02,1294,1.24
15P89B5-KKo,Swarm Marathon,"Aug 5, 2024",10671.0,77.0,29.2274,1.0,0:22:46,2992,1.67
xf8IAzqYfnE,stream_test,"Aug 20, 2024",75.0,62.0,0.5427,0.0,0:00:31,1714,2.1
qEE2hY1yFIw,Swarm Marathon Day 2 (No Anima Solo Extreme),"Aug 6, 2024",3749.0,61.0,8.3804,0.0,0:08:14,2326,1.25
YsOyc-4CUWQ,TIMEBOMB MUSIC VIDEO,"Mar 20, 2025",5.0,47.0,0.0509,0.0,0:00:03,1296,0.85
18p-gk6R3QQ,NEW NOXUS LORE,"Mar 17, 2025",680.0,45.0,3.0362,0.0,0:04:02,1063,2.82
H1WgfqhwxtE,stream_test2,"Aug 24, 2024",136.0,38.0,0.5247,0.0,0:00:49,1226,1.55
UKuOM0XJQ1E,stream_test4,"Sep 7, 2024",50.0,33.0,0.202,0.0,0:00:22,2036,1.23
Ehd6r-G1TCw,ambessa vid,,1919.0,1.0,0.0039,0.0,0:00:14,0,
ebmgmp6pqf0,maofone Live Stream,,14.0,,,,,97,0.0
